{"loss": [0.9348382949829102, 0.8414527177810669, 0.8075116276741028, 0.7851119041442871, 0.7656038403511047, 0.7515407204627991, 0.7416303157806396, 0.7335404753684998, 0.726482093334198, 0.7204020619392395, 0.7153284549713135, 0.7113553285598755, 0.7077398300170898, 0.7049685120582581, 0.7023183703422546, 0.7004286646842957, 0.6977925300598145, 0.6963887810707092, 0.6946946382522583, 0.692973256111145, 0.69175124168396, 0.6898797750473022, 0.6893731355667114, 0.6876130104064941, 0.6872028708457947, 0.6860814690589905, 0.6854549050331116, 0.6847756505012512, 0.683698296546936, 0.6827088594436646, 0.6819984912872314, 0.682094395160675, 0.6812937259674072, 0.6808274388313293, 0.6803297996520996, 0.6796600222587585, 0.6788631081581116, 0.678393542766571, 0.6781139373779297, 0.6774893999099731, 0.6771430373191833, 0.677181601524353, 0.6764037013053894, 0.6762581467628479, 0.6758728623390198, 0.6752266883850098, 0.6752802133560181, 0.6747138500213623, 0.6745366454124451, 0.6737912893295288, 0.6738520264625549, 0.6735094785690308, 0.6731516718864441, 0.6732009053230286, 0.6731863021850586, 0.6725921034812927, 0.6720256209373474, 0.6722950339317322, 0.6718144416809082, 0.6711450219154358, 0.6712073683738708, 0.671123743057251, 0.6709411144256592, 0.6705464124679565, 0.6706556081771851, 0.6706755757331848, 0.6703143119812012, 0.6696263551712036, 0.6698009967803955, 0.6701828241348267, 0.6689616441726685, 0.6693370342254639, 0.6691813468933105, 0.6687793731689453, 0.6686745882034302, 0.6685771346092224, 0.6682946085929871, 0.6684573292732239, 0.6677885055541992, 0.6681499481201172, 0.6683682799339294, 0.66800856590271, 0.667695939540863, 0.6675612926483154, 0.666969358921051, 0.6675868034362793, 0.6669163107872009, 0.6670557260513306, 0.6670514345169067, 0.6657385230064392, 0.6667472720146179, 0.666538417339325, 0.6668488383293152, 0.666301965713501, 0.6660155653953552, 0.6661575436592102, 0.665687084197998, 0.6658518314361572, 0.6659897565841675, 0.66550612449646], "val_loss": [0.857744038105011, 0.7957226037979126, 0.7667483687400818, 0.7329259514808655, 0.7129600644111633, 0.6947600841522217, 0.685553252696991, 0.6783150434494019, 0.6700499653816223, 0.6619199514389038, 0.6576287746429443, 0.6525013446807861, 0.6491343379020691, 0.6461775898933411, 0.6427969932556152, 0.6412420272827148, 0.6382260322570801, 0.637366771697998, 0.634544849395752, 0.6333878636360168, 0.6313433647155762, 0.6308003067970276, 0.6296172142028809, 0.6283040046691895, 0.6271409392356873, 0.6253734230995178, 0.6259438991546631, 0.6239144206047058, 0.6241331100463867, 0.6232374310493469, 0.622266948223114, 0.6225073933601379, 0.6213884353637695, 0.6207189559936523, 0.6203112602233887, 0.6194154024124146, 0.6188645362854004, 0.6180282831192017, 0.6184433102607727, 0.618834912776947, 0.6169947981834412, 0.6174499988555908, 0.6160268783569336, 0.6152486205101013, 0.6158336400985718, 0.6163366436958313, 0.6164075136184692, 0.6137569546699524, 0.6152783632278442, 0.6138923168182373, 0.6136189699172974, 0.6138629913330078, 0.6142480969429016, 0.6136583089828491, 0.6132187247276306, 0.6120999455451965, 0.6124079823493958, 0.6125538349151611, 0.6111651062965393, 0.6103997826576233, 0.6117449402809143, 0.6111319065093994, 0.6107026934623718, 0.6112316846847534, 0.6107062697410583, 0.609641432762146, 0.6099534034729004, 0.610220730304718, 0.6081263422966003, 0.6086980700492859, 0.608817458152771, 0.608966588973999, 0.608596920967102, 0.6083315014839172, 0.60795658826828, 0.6088911294937134, 0.6083130240440369, 0.6072860956192017, 0.6087864637374878, 0.6095651984214783, 0.6082881093025208, 0.6074824929237366, 0.6077571511268616, 0.606423556804657, 0.607836902141571, 0.6069279313087463, 0.6067020297050476, 0.6072102189064026, 0.606343686580658, 0.6061496138572693, 0.6070156693458557, 0.6060675978660583, 0.607431948184967, 0.6059908866882324, 0.6066780090332031, 0.6051310300827026, 0.6049882769584656, 0.6060624122619629, 0.605299174785614, 0.6060342192649841]}