{"loss": [0.9731413125991821, 0.9064326882362366, 0.8604932427406311, 0.8291739225387573, 0.8073148727416992, 0.792137086391449, 0.7823031544685364, 0.7733444571495056, 0.7669571042060852, 0.7611430883407593, 0.755172610282898, 0.7506549954414368, 0.7463863492012024, 0.7426924705505371, 0.7386671900749207, 0.7344380617141724, 0.7312585711479187, 0.7282233238220215, 0.7243680953979492, 0.7213617563247681, 0.7191022038459778, 0.7166301608085632, 0.7136391401290894, 0.7120456099510193, 0.7098394632339478, 0.7082692384719849, 0.7056182622909546, 0.7050600647926331, 0.702521562576294, 0.7010505795478821, 0.6993328332901001, 0.6977956295013428, 0.6968333721160889, 0.6952700018882751, 0.6939554214477539, 0.6925280094146729, 0.6913428902626038, 0.690553605556488, 0.6897351741790771, 0.687917947769165, 0.6875684857368469, 0.685853123664856, 0.6851664781570435, 0.6839001178741455, 0.6830943822860718, 0.6822913289070129, 0.681248664855957, 0.6804292798042297, 0.6793843507766724, 0.6788828372955322, 0.6778535842895508, 0.676975667476654, 0.6757578253746033, 0.6761283278465271, 0.6743110418319702, 0.674142599105835, 0.6730982661247253, 0.6729287505149841, 0.6728813648223877, 0.6716194152832031, 0.6711816787719727, 0.6703855991363525, 0.6700350046157837, 0.6689964532852173, 0.6691665649414062, 0.6680769324302673, 0.667824923992157, 0.6674206852912903, 0.6662648916244507, 0.665898859500885, 0.6661896705627441, 0.6653221249580383, 0.6646752953529358, 0.6641050577163696, 0.6637145280838013, 0.6633641123771667, 0.6631295084953308, 0.662101686000824, 0.6627939939498901, 0.6618444323539734, 0.6614702939987183, 0.660800039768219, 0.6605849862098694, 0.6602743864059448, 0.6601763367652893, 0.6590137481689453, 0.6588241457939148, 0.6592162251472473, 0.6579418778419495, 0.6579636931419373, 0.6573094725608826, 0.6569427847862244, 0.6566866040229797, 0.6563845872879028, 0.6560404300689697, 0.6558485627174377, 0.6555235981941223, 0.6552188992500305, 0.6549485921859741, 0.6545994877815247], "val_loss": [0.9297765493392944, 0.8851532340049744, 0.8288818597793579, 0.791841447353363, 0.7685198187828064, 0.7516363263130188, 0.7376000881195068, 0.7298102378845215, 0.7165861129760742, 0.7077517509460449, 0.7035691142082214, 0.6962210536003113, 0.6911758780479431, 0.6824865937232971, 0.6793835163116455, 0.6716374754905701, 0.6680620908737183, 0.6627900004386902, 0.6589920520782471, 0.654698371887207, 0.650692880153656, 0.6475728750228882, 0.6440837979316711, 0.6399556994438171, 0.6373085379600525, 0.6348470449447632, 0.6333602666854858, 0.63112872838974, 0.6303182244300842, 0.6283433437347412, 0.6248569488525391, 0.6237649321556091, 0.6216583847999573, 0.6202022433280945, 0.6165813207626343, 0.6178566813468933, 0.6156861186027527, 0.6133589148521423, 0.6118900179862976, 0.6109301447868347, 0.6091414093971252, 0.609044075012207, 0.6072327494621277, 0.6044005155563354, 0.6048218011856079, 0.6029917001724243, 0.60502690076828, 0.6010300517082214, 0.6013508439064026, 0.5988306403160095, 0.5981179475784302, 0.5964104533195496, 0.5966892838478088, 0.5953555107116699, 0.5955430269241333, 0.5936069488525391, 0.5926463603973389, 0.592721700668335, 0.5915531516075134, 0.590652585029602, 0.5912705659866333, 0.5887992978096008, 0.588802695274353, 0.59011310338974, 0.5863975286483765, 0.5887022614479065, 0.5857552886009216, 0.5864865183830261, 0.5858620405197144, 0.5840655565261841, 0.5838416218757629, 0.5858554244041443, 0.5826570987701416, 0.5814861059188843, 0.5822290778160095, 0.5798097252845764, 0.5807496905326843, 0.5816551446914673, 0.5795118808746338, 0.5794819593429565, 0.5792168974876404, 0.5774391889572144, 0.5794335007667542, 0.5776503086090088, 0.5773932337760925, 0.5765711069107056, 0.5773043632507324, 0.5755448341369629, 0.5742537379264832, 0.5753031373023987, 0.5755618214607239, 0.5748026967048645, 0.5757412314414978, 0.5734107494354248, 0.5736370086669922, 0.5725883841514587, 0.572272002696991, 0.5710044503211975, 0.5723288059234619, 0.5716237425804138]}