{"loss": [0.9242647290229797, 0.850082516670227, 0.8206862211227417, 0.8049905896186829, 0.79520183801651, 0.7881060838699341, 0.7823442816734314, 0.7778619527816772, 0.7742238640785217, 0.7711124420166016, 0.7684214115142822, 0.7658774256706238, 0.7634916305541992, 0.7616437673568726, 0.7601929306983948, 0.7580085396766663, 0.756659746170044, 0.7557028532028198, 0.7541953921318054, 0.7527955770492554, 0.7519521713256836, 0.7507894039154053, 0.7498734593391418, 0.7492890357971191, 0.748345136642456, 0.7483071088790894, 0.7474223375320435, 0.7465344667434692, 0.7458842992782593, 0.7451964616775513, 0.7441366314888, 0.7438862919807434, 0.74315345287323, 0.7428827285766602, 0.7426838874816895, 0.7417098879814148, 0.7412917613983154, 0.7410516142845154, 0.7407220602035522, 0.7401922941207886, 0.7395725250244141, 0.7395493388175964, 0.7390138506889343, 0.7387515306472778, 0.7381669878959656, 0.7383078336715698, 0.7379895448684692, 0.7376798391342163, 0.7372159361839294, 0.7369344830513, 0.736640214920044, 0.7367355227470398, 0.7359405755996704, 0.7359558939933777, 0.7356914281845093, 0.7353256940841675, 0.7349658012390137, 0.7351261973381042, 0.7345329523086548, 0.7349839806556702, 0.7341397404670715, 0.7344889640808105, 0.7337976694107056, 0.7336506843566895, 0.7338190674781799, 0.7334844470024109, 0.7331933379173279, 0.7325529456138611, 0.7328395843505859, 0.7322974801063538, 0.7326289415359497, 0.7324881553649902, 0.732079029083252, 0.7320420145988464, 0.731536328792572, 0.7315065264701843, 0.7314951419830322, 0.7312152981758118, 0.7307268381118774, 0.7311184406280518, 0.731009304523468, 0.7306814193725586, 0.7304567694664001, 0.7303681373596191, 0.7304766178131104, 0.7300955653190613, 0.7301475405693054, 0.729912519454956, 0.729468822479248, 0.729666531085968, 0.7297620177268982, 0.7291602492332458, 0.7289482355117798, 0.7290862202644348, 0.728890061378479, 0.728792130947113, 0.7289055585861206, 0.7287842035293579, 0.7289167046546936, 0.7286458611488342], "val_loss": [0.8605421185493469, 0.8215327262878418, 0.7885091304779053, 0.7737164497375488, 0.7634007930755615, 0.75681471824646, 0.750807523727417, 0.7488893866539001, 0.7431849837303162, 0.7404559254646301, 0.7381821870803833, 0.7352334260940552, 0.7320838570594788, 0.7300740480422974, 0.7279006838798523, 0.7264969944953918, 0.7244635224342346, 0.7243531942367554, 0.7234342694282532, 0.7200944423675537, 0.7200596928596497, 0.7196657657623291, 0.7185802459716797, 0.7169221043586731, 0.7160699963569641, 0.7147296667098999, 0.7152357697486877, 0.7146313190460205, 0.7135807275772095, 0.7121719717979431, 0.7110559344291687, 0.7113336324691772, 0.7105507254600525, 0.7102581262588501, 0.7092062830924988, 0.7084507346153259, 0.7086633443832397, 0.70894455909729, 0.7072091698646545, 0.7081875801086426, 0.7068312764167786, 0.7071940898895264, 0.7055175304412842, 0.7057527303695679, 0.7057528495788574, 0.7061744928359985, 0.7047957181930542, 0.7051743865013123, 0.704420804977417, 0.7048608064651489, 0.7048015594482422, 0.70340895652771, 0.703589916229248, 0.7034112811088562, 0.7035019397735596, 0.7019102573394775, 0.7010067105293274, 0.7026662826538086, 0.7022950649261475, 0.70143723487854, 0.7026069164276123, 0.702028751373291, 0.7003188133239746, 0.7014284133911133, 0.7001568078994751, 0.7003858089447021, 0.699761688709259, 0.701296329498291, 0.7004977464675903, 0.6995799541473389, 0.7003796100616455, 0.6999053359031677, 0.6992849111557007, 0.6998633742332458, 0.6999063491821289, 0.6995983123779297, 0.6982630491256714, 0.6983910799026489, 0.6985443234443665, 0.6989858150482178, 0.6989777684211731, 0.6981145739555359, 0.6983441710472107, 0.6978804469108582, 0.6973279118537903, 0.6978856325149536, 0.6970492601394653, 0.6975011229515076, 0.6966331005096436, 0.6957318186759949, 0.6967437267303467, 0.6971759796142578, 0.696502685546875, 0.6965096592903137, 0.6964384317398071, 0.6977670192718506, 0.6968065500259399, 0.6961889266967773, 0.6961773037910461, 0.695963978767395]}