{"loss": [0.9241179823875427, 0.8472253084182739, 0.818842887878418, 0.8045547604560852, 0.7945650219917297, 0.7878562211990356, 0.7819523811340332, 0.7773179411888123, 0.7734060287475586, 0.7702327966690063, 0.767704963684082, 0.7650726437568665, 0.7627577185630798, 0.7608237862586975, 0.7593592405319214, 0.7574361562728882, 0.7560480833053589, 0.7545067071914673, 0.7538649439811707, 0.7523819804191589, 0.751175582408905, 0.75037682056427, 0.7497223019599915, 0.7485136985778809, 0.7478715181350708, 0.7478982210159302, 0.7464107275009155, 0.7458634972572327, 0.745634138584137, 0.7446709871292114, 0.7439900636672974, 0.744005560874939, 0.7433034181594849, 0.7424126267433167, 0.7424536347389221, 0.7418641448020935, 0.7410826086997986, 0.740502655506134, 0.7403908371925354, 0.7401298880577087, 0.7396824955940247, 0.7396770715713501, 0.7392107844352722, 0.7392639517784119, 0.7386875748634338, 0.7381653189659119, 0.7380325794219971, 0.737193763256073, 0.7369771599769592, 0.7367883920669556, 0.7367275953292847, 0.7364383935928345, 0.7361357808113098, 0.7362693548202515, 0.7355169057846069, 0.7353341579437256, 0.7351266741752625, 0.7350670695304871, 0.7344921231269836, 0.7346833944320679, 0.7345432639122009, 0.7343612909317017, 0.7334740161895752, 0.7334492206573486, 0.7335830926895142, 0.7333565354347229, 0.7332009077072144, 0.7330068945884705, 0.7324327826499939, 0.7328903079032898, 0.7322241067886353, 0.7325197458267212, 0.7316422462463379, 0.7321916818618774, 0.7315348982810974, 0.7316867709159851, 0.7315322160720825, 0.7312086224555969, 0.7314307689666748, 0.7311000227928162, 0.7305364012718201, 0.7305877804756165, 0.730624794960022, 0.7302972674369812, 0.7302935123443604, 0.7306333184242249, 0.7303959727287292, 0.7299014925956726, 0.7294870615005493, 0.7300116419792175, 0.7297333478927612, 0.7292605638504028, 0.7292932868003845, 0.7293949127197266, 0.7287870049476624, 0.7290904521942139, 0.7288710474967957, 0.7288250923156738, 0.7288503646850586, 0.7286880612373352], "val_loss": [0.8609658479690552, 0.8132258057594299, 0.7883434295654297, 0.772274374961853, 0.7647603154182434, 0.7564644813537598, 0.7497816681861877, 0.7466392517089844, 0.741725504398346, 0.7384512424468994, 0.7366982102394104, 0.7351184487342834, 0.730184018611908, 0.7284765839576721, 0.7272981405258179, 0.7250902056694031, 0.7243815064430237, 0.7226269245147705, 0.7213994860649109, 0.7188338041305542, 0.719502866268158, 0.7167729735374451, 0.7180514931678772, 0.7166593670845032, 0.7143304944038391, 0.7142637372016907, 0.7130233645439148, 0.7134959697723389, 0.7128656506538391, 0.7120022177696228, 0.709888756275177, 0.7111622095108032, 0.7103694081306458, 0.7100085020065308, 0.7091366648674011, 0.7098615765571594, 0.7079101204872131, 0.7091727256774902, 0.7080082297325134, 0.7071417570114136, 0.7064269185066223, 0.7063604593276978, 0.7063360214233398, 0.7057130336761475, 0.7051905393600464, 0.7051151394844055, 0.7043263912200928, 0.7046945095062256, 0.705361545085907, 0.7042481303215027, 0.7050370573997498, 0.7030279040336609, 0.7032492160797119, 0.7025226354598999, 0.7032392621040344, 0.7028605937957764, 0.7013610601425171, 0.700937032699585, 0.7019347548484802, 0.7013890743255615, 0.7009538412094116, 0.7010979652404785, 0.7000973224639893, 0.7007993459701538, 0.7006312608718872, 0.7011089324951172, 0.6996054649353027, 0.7008614540100098, 0.7001619338989258, 0.6991296410560608, 0.7006638646125793, 0.6991581320762634, 0.699196457862854, 0.6992943286895752, 0.7000393271446228, 0.699273407459259, 0.6991829872131348, 0.6989061236381531, 0.6983665823936462, 0.6982937455177307, 0.6973074674606323, 0.6973319053649902, 0.6961832046508789, 0.6987767219543457, 0.6968791484832764, 0.6966971755027771, 0.6972957253456116, 0.6975204348564148, 0.6967479586601257, 0.6957966089248657, 0.6967824697494507, 0.6962677836418152, 0.6961284279823303, 0.6956515312194824, 0.696154773235321, 0.6960614323616028, 0.6961499452590942, 0.6963064670562744, 0.6963107585906982, 0.694695770740509]}