{"loss": [0.9746816158294678, 0.9029766321182251, 0.8575794100761414, 0.8315516710281372, 0.8104110956192017, 0.7950460910797119, 0.7839959859848022, 0.7745324373245239, 0.7670668363571167, 0.7610360383987427, 0.7552084922790527, 0.7509613037109375, 0.7468546628952026, 0.7427055239677429, 0.7388599514961243, 0.7355131506919861, 0.7317983508110046, 0.728369951248169, 0.725612461566925, 0.7227651476860046, 0.7206518650054932, 0.7177093625068665, 0.7153204083442688, 0.7127575278282166, 0.7105361223220825, 0.7089808583259583, 0.7064752578735352, 0.7051498293876648, 0.7028756141662598, 0.7007933855056763, 0.699858546257019, 0.6973618268966675, 0.6962134838104248, 0.6947432160377502, 0.6932641863822937, 0.6925215125083923, 0.6916367411613464, 0.6903117299079895, 0.68829745054245, 0.6869816184043884, 0.6865178942680359, 0.6858049631118774, 0.6838931441307068, 0.6830475926399231, 0.6820785999298096, 0.681338369846344, 0.6804994344711304, 0.6791319847106934, 0.6792638897895813, 0.6776856184005737, 0.6776041984558105, 0.6761355400085449, 0.6754316687583923, 0.6754955649375916, 0.6739523410797119, 0.6740702986717224, 0.6726213097572327, 0.6719961166381836, 0.6715287566184998, 0.6707308888435364, 0.6704186797142029, 0.6700053215026855, 0.6695742607116699, 0.6687232851982117, 0.6682795286178589, 0.6678211092948914, 0.6677392721176147, 0.666535496711731, 0.6662650108337402, 0.665660560131073, 0.6646304130554199, 0.664395809173584, 0.6643297076225281, 0.6642543077468872, 0.663546621799469, 0.6627966165542603, 0.662347137928009, 0.6619830131530762, 0.6621463894844055, 0.6610862016677856, 0.6607127785682678, 0.6596211791038513, 0.6599019169807434, 0.6594340205192566, 0.6593996286392212, 0.6584451794624329, 0.6580328941345215, 0.6573998332023621, 0.6575707197189331, 0.6574522256851196, 0.6564158201217651, 0.6567806005477905, 0.6553133726119995, 0.6558970212936401, 0.6552067995071411, 0.6552085876464844, 0.6549382209777832, 0.654794454574585, 0.6544598340988159, 0.6541030406951904], "val_loss": [0.9335052967071533, 0.8687443137168884, 0.8338705897331238, 0.7956355214118958, 0.7736048102378845, 0.7506815195083618, 0.7378350496292114, 0.7292355298995972, 0.719647228717804, 0.7097217440605164, 0.700943648815155, 0.6971263885498047, 0.6910057067871094, 0.6849303841590881, 0.6826990246772766, 0.6733094453811646, 0.6681145429611206, 0.6633186936378479, 0.6610051989555359, 0.6559885144233704, 0.6540825963020325, 0.6476320028305054, 0.645261824131012, 0.6436500549316406, 0.6372431516647339, 0.6367216110229492, 0.6336979866027832, 0.6298839449882507, 0.6274352669715881, 0.6291952133178711, 0.6233149170875549, 0.6229625940322876, 0.6218244433403015, 0.6176317930221558, 0.6160780191421509, 0.6165353655815125, 0.6149739027023315, 0.6119306683540344, 0.6092127561569214, 0.6067681312561035, 0.6051982045173645, 0.6071327924728394, 0.6050297021865845, 0.6048787236213684, 0.6012979745864868, 0.6020627021789551, 0.5984655022621155, 0.5979424118995667, 0.5964090824127197, 0.5969955325126648, 0.5937819480895996, 0.5963998436927795, 0.5929223299026489, 0.5935002565383911, 0.5934432148933411, 0.5918629765510559, 0.5892916321754456, 0.5908424258232117, 0.590195894241333, 0.5882563591003418, 0.5877417922019958, 0.5877407789230347, 0.5862830877304077, 0.5873122811317444, 0.5849557518959045, 0.5841954350471497, 0.5857223868370056, 0.5833357572555542, 0.5830262899398804, 0.5814093947410583, 0.5823994874954224, 0.5807293653488159, 0.5815637707710266, 0.5815444588661194, 0.5792666077613831, 0.579247772693634, 0.5799238085746765, 0.5808924436569214, 0.5768738985061646, 0.5773487091064453, 0.5771248936653137, 0.5757113099098206, 0.5770230293273926, 0.5770761966705322, 0.5752891898155212, 0.57508385181427, 0.5745959877967834, 0.5731364488601685, 0.5748338103294373, 0.5724897980690002, 0.5720417499542236, 0.5710849165916443, 0.5710266828536987, 0.5728420615196228, 0.5722298622131348, 0.5720888376235962, 0.5710659027099609, 0.5687311291694641, 0.5701652765274048, 0.5697466135025024]}