{"loss": [0.9649143815040588, 0.8920547962188721, 0.8395363092422485, 0.8118686676025391, 0.791862428188324, 0.7771128416061401, 0.7662633061408997, 0.7583923935890198, 0.752271294593811, 0.7467969655990601, 0.7422686219215393, 0.7378754615783691, 0.7339290380477905, 0.7287876009941101, 0.7252961993217468, 0.7209193706512451, 0.7172520756721497, 0.7137947082519531, 0.7109574675559998, 0.7076122760772705, 0.7050397992134094, 0.702232837677002, 0.6995652914047241, 0.6973786354064941, 0.6951863765716553, 0.693142294883728, 0.6920279264450073, 0.69007408618927, 0.688119113445282, 0.6870831251144409, 0.6852799654006958, 0.6840908527374268, 0.6823205351829529, 0.6814805865287781, 0.6801435351371765, 0.6788329482078552, 0.6776667833328247, 0.6769999265670776, 0.6751343607902527, 0.6745858192443848, 0.6732866764068604, 0.6718737483024597, 0.6711238026618958, 0.6706661581993103, 0.6697143316268921, 0.6687400341033936, 0.6682093739509583, 0.6673017740249634, 0.6668683886528015, 0.6652722358703613, 0.6651132106781006, 0.6632634997367859, 0.6632022857666016, 0.6627852320671082, 0.6616567969322205, 0.6611759066581726, 0.6609439253807068, 0.6599072217941284, 0.6591382622718811, 0.6592526435852051, 0.6583559513092041, 0.6577470898628235, 0.6570079326629639, 0.6566062569618225, 0.6562182307243347, 0.6554895043373108, 0.6555629372596741, 0.6546295285224915, 0.6540482044219971, 0.6536893844604492, 0.6537603139877319, 0.6524115800857544, 0.6525894999504089, 0.6524064540863037, 0.6519273519515991, 0.6516059041023254, 0.6508874297142029, 0.6506346464157104, 0.650210976600647, 0.6492885947227478, 0.6490484476089478, 0.6490789651870728, 0.6491665840148926, 0.647429347038269, 0.6477482914924622, 0.646567165851593, 0.6465011835098267, 0.6466171145439148, 0.6465402841567993, 0.6456844210624695, 0.6458736062049866, 0.6452071070671082, 0.6450260281562805, 0.6447871327400208, 0.6445935964584351, 0.6447920799255371, 0.6439000368118286, 0.6435580849647522, 0.6427436470985413, 0.6430997848510742], "val_loss": [0.9268513917922974, 0.8445611596107483, 0.8013201951980591, 0.7697296142578125, 0.7421066761016846, 0.7301788926124573, 0.7134265303611755, 0.7079781889915466, 0.6984078288078308, 0.6941846013069153, 0.6861626505851746, 0.6799169182777405, 0.6764257550239563, 0.6668897271156311, 0.6616995334625244, 0.6546167135238647, 0.6502470970153809, 0.6465011239051819, 0.6419245600700378, 0.6356832385063171, 0.6322442293167114, 0.6300325989723206, 0.6271088719367981, 0.6228480935096741, 0.6209498047828674, 0.6153822541236877, 0.6172870397567749, 0.6143168210983276, 0.6128101348876953, 0.6102703809738159, 0.6089137196540833, 0.6054028868675232, 0.6052455902099609, 0.6046134829521179, 0.6023730635643005, 0.600536584854126, 0.5991272926330566, 0.5968078374862671, 0.5965371131896973, 0.596276044845581, 0.5921868085861206, 0.5922598242759705, 0.5923256278038025, 0.5904789566993713, 0.589069664478302, 0.5897231101989746, 0.5899792909622192, 0.5872514843940735, 0.5869137048721313, 0.5835098028182983, 0.5820556282997131, 0.5824570059776306, 0.5818948745727539, 0.5814005732536316, 0.5812647938728333, 0.5790035128593445, 0.578184962272644, 0.5786080956459045, 0.5774567127227783, 0.5775473117828369, 0.5757278203964233, 0.5760294198989868, 0.5743811726570129, 0.5733136534690857, 0.5733168721199036, 0.5734577178955078, 0.5712828636169434, 0.5724871158599854, 0.5709853172302246, 0.5697083473205566, 0.568726122379303, 0.5698839426040649, 0.5699174404144287, 0.5684729218482971, 0.5661460161209106, 0.5664342045783997, 0.5697475671768188, 0.5686905980110168, 0.5657368898391724, 0.5655611157417297, 0.5640458464622498, 0.5647017359733582, 0.5654688477516174, 0.5629565119743347, 0.5647533535957336, 0.563114583492279, 0.5628963112831116, 0.5615044236183167, 0.5616744756698608, 0.5618228912353516, 0.5609235763549805, 0.5613356828689575, 0.559907078742981, 0.5591496825218201, 0.5603086352348328, 0.5585170984268188, 0.5605310201644897, 0.5580194592475891, 0.5597794055938721, 0.5576895475387573]}