{"loss": [0.9345679879188538, 0.8503733277320862, 0.8099732995033264, 0.7823293209075928, 0.7649096846580505, 0.752347469329834, 0.742300808429718, 0.7340660691261292, 0.726540744304657, 0.7200824022293091, 0.7142744064331055, 0.7101638913154602, 0.7070406079292297, 0.7037468552589417, 0.7017653584480286, 0.6990530490875244, 0.6972606182098389, 0.6952908635139465, 0.6938551068305969, 0.6919958591461182, 0.6912208795547485, 0.6901154518127441, 0.6889239549636841, 0.6873127222061157, 0.6871167421340942, 0.6859603524208069, 0.6849399209022522, 0.683768093585968, 0.6831434369087219, 0.682485818862915, 0.6824207901954651, 0.6815890073776245, 0.6809008121490479, 0.6801185011863708, 0.6798909902572632, 0.679228663444519, 0.6786848902702332, 0.6785960793495178, 0.678307056427002, 0.6772547960281372, 0.6774124503135681, 0.6764506101608276, 0.6756376028060913, 0.6756015419960022, 0.6757782101631165, 0.6749089360237122, 0.6744221448898315, 0.6742674708366394, 0.6736069321632385, 0.6736559867858887, 0.6730073094367981, 0.6730367541313171, 0.6728587746620178, 0.6724033951759338, 0.6721227765083313, 0.6720795035362244, 0.6718547940254211, 0.6714630126953125, 0.6712144613265991, 0.6710306406021118, 0.6707896590232849, 0.6701643466949463, 0.6702774167060852, 0.6702907085418701, 0.670037031173706, 0.669708788394928, 0.669486403465271, 0.669502317905426, 0.6697314381599426, 0.6685970425605774, 0.6690559983253479, 0.6690583825111389, 0.6683924794197083, 0.6686132550239563, 0.6685617566108704, 0.6677178740501404, 0.6679432392120361, 0.6678696870803833, 0.667917013168335, 0.6676744222640991, 0.6677944660186768, 0.666964590549469, 0.6667376160621643, 0.6675133109092712, 0.6664532423019409, 0.6667262315750122, 0.6662811636924744, 0.6665053963661194, 0.6663398146629333, 0.666577935218811, 0.6658236980438232, 0.6660739779472351, 0.6662040948867798, 0.6655972003936768, 0.6654829382896423, 0.6653061509132385, 0.6653653979301453, 0.6653108596801758, 0.6650780439376831, 0.6652466058731079], "val_loss": [0.8661255836486816, 0.8029886484146118, 0.7645080089569092, 0.7325940132141113, 0.7137473821640015, 0.697888970375061, 0.6877161860466003, 0.6811151504516602, 0.6694751977920532, 0.6612333655357361, 0.656519889831543, 0.6522067785263062, 0.6484410166740417, 0.6446143984794617, 0.6420148611068726, 0.6403425335884094, 0.6393263936042786, 0.6333828568458557, 0.6336031556129456, 0.6331552863121033, 0.6324056386947632, 0.6307529807090759, 0.6289141774177551, 0.6277014017105103, 0.625923216342926, 0.6249485611915588, 0.6256377696990967, 0.6251920461654663, 0.6253963708877563, 0.623336672782898, 0.6224567294120789, 0.6210030317306519, 0.6205999255180359, 0.6200918555259705, 0.6204895973205566, 0.6181087493896484, 0.6189500093460083, 0.6192269325256348, 0.6186694502830505, 0.619208574295044, 0.6164301037788391, 0.6161154508590698, 0.6160752773284912, 0.6146926283836365, 0.614369809627533, 0.6159663796424866, 0.6148491501808167, 0.6138821244239807, 0.6151065826416016, 0.6150668263435364, 0.6139518618583679, 0.6108564734458923, 0.6117932796478271, 0.6133626699447632, 0.6121192574501038, 0.610604465007782, 0.6119200587272644, 0.6119569540023804, 0.6120612025260925, 0.6105918288230896, 0.6105642318725586, 0.6100014448165894, 0.6110002398490906, 0.6106034517288208, 0.6106106638908386, 0.6099609136581421, 0.6093530058860779, 0.60948246717453, 0.6094066500663757, 0.6086329221725464, 0.6098634600639343, 0.6086720824241638, 0.6081770658493042, 0.6080353856086731, 0.6076433062553406, 0.607010006904602, 0.6075100898742676, 0.607878565788269, 0.6088801026344299, 0.6074454188346863, 0.6069167256355286, 0.6070208549499512, 0.6084728837013245, 0.6071264743804932, 0.6058110594749451, 0.6061074733734131, 0.6058906316757202, 0.6063227653503418, 0.6060094237327576, 0.6051321625709534, 0.6061092019081116, 0.6060336828231812, 0.6061254143714905, 0.6057350039482117, 0.6055831909179688, 0.605556845664978, 0.6048649549484253, 0.6052373051643372, 0.6060441136360168, 0.6046600937843323]}