{"loss": [0.9795278310775757, 0.914530873298645, 0.8730154037475586, 0.8433452844619751, 0.8208823204040527, 0.804230809211731, 0.7926651835441589, 0.7831175327301025, 0.7770443558692932, 0.7713293433189392, 0.7667598128318787, 0.7619773745536804, 0.7577002644538879, 0.7543893456459045, 0.7501518130302429, 0.7468417286872864, 0.743706464767456, 0.7405715584754944, 0.7372943162918091, 0.7340192198753357, 0.7315831780433655, 0.7288757562637329, 0.7263841032981873, 0.7248609662055969, 0.7224887013435364, 0.720328152179718, 0.7181578874588013, 0.7160936594009399, 0.7145674228668213, 0.7121732234954834, 0.7113966941833496, 0.7097259163856506, 0.7080718278884888, 0.7071099281311035, 0.7061151266098022, 0.7043739557266235, 0.7033290266990662, 0.7013443112373352, 0.7011910676956177, 0.7008354067802429, 0.6987531781196594, 0.6981799006462097, 0.6977733373641968, 0.696297287940979, 0.6955596804618835, 0.6942799091339111, 0.6927130222320557, 0.6927441358566284, 0.6920422911643982, 0.6912684440612793, 0.6903114914894104, 0.6899809241294861, 0.6896976232528687, 0.6886516809463501, 0.6873312592506409, 0.6862975358963013, 0.6861847043037415, 0.6856322288513184, 0.6854896545410156, 0.6847707033157349, 0.6841090321540833, 0.6833797097206116, 0.6824563145637512, 0.6822184920310974, 0.6812309622764587, 0.6808659434318542, 0.6810141801834106, 0.679922878742218, 0.6799158453941345, 0.678398072719574, 0.6787952780723572, 0.6779788136482239, 0.6780321002006531, 0.6772646903991699, 0.6776362061500549, 0.6764606237411499, 0.6757006049156189, 0.6754797697067261, 0.6751452088356018, 0.6748215556144714, 0.6745724678039551, 0.674132764339447, 0.6741942763328552, 0.6734174489974976, 0.6726500391960144, 0.6724008917808533, 0.6715293526649475, 0.6717397570610046, 0.6713836193084717, 0.6714234948158264, 0.6707878708839417, 0.6704666614532471, 0.670495867729187, 0.6698012948036194, 0.6694292426109314, 0.6693946719169617, 0.669163703918457, 0.6690385937690735, 0.6681004166603088, 0.6673482060432434], "val_loss": [0.9438366293907166, 0.8966087698936462, 0.8502136468887329, 0.811462938785553, 0.7859770655632019, 0.7649037837982178, 0.7507954239845276, 0.7419191002845764, 0.7315849661827087, 0.721878170967102, 0.7168480753898621, 0.7114616632461548, 0.7075562477111816, 0.6976627707481384, 0.6943631172180176, 0.6899203658103943, 0.6865893006324768, 0.6797440648078918, 0.6770012974739075, 0.6697370409965515, 0.6653412580490112, 0.6608480215072632, 0.6579745411872864, 0.6530895233154297, 0.650978684425354, 0.6475193500518799, 0.6469792723655701, 0.6429374814033508, 0.6418607831001282, 0.638923704624176, 0.6364766359329224, 0.6352285146713257, 0.6341068148612976, 0.6331129670143127, 0.6298220157623291, 0.6297425031661987, 0.6273363828659058, 0.6257147192955017, 0.6245121955871582, 0.6227101683616638, 0.6222280859947205, 0.6219989061355591, 0.6205496788024902, 0.6174070835113525, 0.6161614656448364, 0.6186588406562805, 0.6158087253570557, 0.6136218905448914, 0.6136780381202698, 0.6118983626365662, 0.6116364598274231, 0.6119036078453064, 0.6115594506263733, 0.6092362999916077, 0.6083498001098633, 0.6070075035095215, 0.6065232157707214, 0.6047641038894653, 0.6044866442680359, 0.6061176061630249, 0.604651927947998, 0.601707935333252, 0.6022341847419739, 0.6018786430358887, 0.5993983149528503, 0.6021760106086731, 0.5999839305877686, 0.6006006002426147, 0.6007747054100037, 0.6001793742179871, 0.5986514091491699, 0.5992913246154785, 0.5975297093391418, 0.5977702736854553, 0.5945681929588318, 0.5968896746635437, 0.5957314372062683, 0.5966110825538635, 0.5952003002166748, 0.5937840938568115, 0.5940914750099182, 0.5930275917053223, 0.5927355885505676, 0.5906710624694824, 0.5921398997306824, 0.5917142629623413, 0.5919435024261475, 0.5894555449485779, 0.5915026068687439, 0.5896862745285034, 0.5900073647499084, 0.5890260338783264, 0.5882295370101929, 0.5892524123191833, 0.5877171754837036, 0.5871502161026001, 0.5860561728477478, 0.5868445038795471, 0.5863924026489258, 0.5842394828796387]}