{"loss": [0.9775364398956299, 0.9120579957962036, 0.8662998080253601, 0.8394784927368164, 0.8188686966896057, 0.8037320375442505, 0.7923033833503723, 0.7834531664848328, 0.775998592376709, 0.7700750231742859, 0.7652939558029175, 0.7608160376548767, 0.7568411231040955, 0.7531083822250366, 0.7494821548461914, 0.7460115551948547, 0.7432272434234619, 0.7392846941947937, 0.7365716695785522, 0.7337588667869568, 0.7303592562675476, 0.7284940481185913, 0.7260643839836121, 0.7241978645324707, 0.7215308547019958, 0.7194969058036804, 0.7180973291397095, 0.7161496877670288, 0.7136820554733276, 0.7127634286880493, 0.7113809585571289, 0.7104820609092712, 0.7084754109382629, 0.7072088122367859, 0.7065863013267517, 0.7050225734710693, 0.7036843299865723, 0.7024282813072205, 0.7020168900489807, 0.700317919254303, 0.699547290802002, 0.6981621384620667, 0.6979936361312866, 0.6963582634925842, 0.6961241364479065, 0.6945945024490356, 0.6938529014587402, 0.693123996257782, 0.6926999688148499, 0.6914839148521423, 0.6910846829414368, 0.6895269751548767, 0.6889208555221558, 0.6885977387428284, 0.6879103183746338, 0.6875466108322144, 0.6863143444061279, 0.6867300868034363, 0.6857587695121765, 0.6850837469100952, 0.6848113536834717, 0.6836903691291809, 0.6824917793273926, 0.6824482679367065, 0.6817001700401306, 0.68116295337677, 0.6806616187095642, 0.6807162761688232, 0.6796466708183289, 0.6795409321784973, 0.6790271997451782, 0.6782385110855103, 0.6780833005905151, 0.6773028373718262, 0.6773983240127563, 0.6765826940536499, 0.6753260493278503, 0.6759013533592224, 0.675301730632782, 0.675133466720581, 0.6742771863937378, 0.6751720309257507, 0.6735684275627136, 0.6741986274719238, 0.6732503175735474, 0.6726423501968384, 0.6723155379295349, 0.6718884110450745, 0.671674370765686, 0.6710457801818848, 0.6712031960487366, 0.6704467535018921, 0.6699312925338745, 0.6694856882095337, 0.6694742441177368, 0.6689478158950806, 0.6692431569099426, 0.6684547066688538, 0.6682695150375366, 0.6682161688804626], "val_loss": [0.9472072124481201, 0.8871557712554932, 0.8432771563529968, 0.811085045337677, 0.7863689064979553, 0.7686754465103149, 0.7511013746261597, 0.7384985089302063, 0.7302594184875488, 0.7223032712936401, 0.7148948907852173, 0.7140846848487854, 0.7070586681365967, 0.6990410089492798, 0.6931694149971008, 0.6889669895172119, 0.683111310005188, 0.6785006523132324, 0.6737648248672485, 0.6677848696708679, 0.6640009880065918, 0.6615388989448547, 0.6580676436424255, 0.6551476120948792, 0.6546194553375244, 0.6507133841514587, 0.647805392742157, 0.6441383361816406, 0.6431896686553955, 0.6412988305091858, 0.6386045813560486, 0.6370561122894287, 0.6344447731971741, 0.6328099370002747, 0.6326985955238342, 0.6300969123840332, 0.6273127794265747, 0.6267791390419006, 0.6274471879005432, 0.6255506873130798, 0.622367262840271, 0.6222333908081055, 0.6211475133895874, 0.620339572429657, 0.617119550704956, 0.6202297210693359, 0.615272045135498, 0.6155502200126648, 0.6130215525627136, 0.6160652041435242, 0.612369954586029, 0.6111943125724792, 0.6104651093482971, 0.6103086471557617, 0.6092432141304016, 0.6062667965888977, 0.6098139882087708, 0.6065303087234497, 0.6046894192695618, 0.6056649684906006, 0.6049904227256775, 0.6028854250907898, 0.6047202348709106, 0.6043567657470703, 0.6009692549705505, 0.6008998155593872, 0.6017377972602844, 0.6016712188720703, 0.5996109843254089, 0.5981987714767456, 0.5970311760902405, 0.5981848835945129, 0.5989813208580017, 0.5979031920433044, 0.5988829731941223, 0.5959906578063965, 0.5948211550712585, 0.5960177779197693, 0.5940034985542297, 0.5964372158050537, 0.5933482646942139, 0.5938709378242493, 0.5919843316078186, 0.5913937091827393, 0.5916313529014587, 0.5905952453613281, 0.5929675698280334, 0.5897995233535767, 0.5898127555847168, 0.5907202959060669, 0.5914366245269775, 0.5899888277053833, 0.5894853472709656, 0.5868954062461853, 0.58561110496521, 0.5884178280830383, 0.5859973430633545, 0.5878386497497559, 0.5855564475059509, 0.5873833894729614]}