{"loss": [0.966924786567688, 0.8971990942955017, 0.8456289172172546, 0.8143723607063293, 0.7935030460357666, 0.7796586155891418, 0.7699292302131653, 0.7619463801383972, 0.7550104260444641, 0.7494309544563293, 0.743881106376648, 0.7395910620689392, 0.734704852104187, 0.7301782369613647, 0.7264547348022461, 0.7226996421813965, 0.7187764048576355, 0.7158100605010986, 0.7121514081954956, 0.7091183662414551, 0.7059906721115112, 0.7039924263954163, 0.7010772824287415, 0.697907030582428, 0.6968520879745483, 0.6936657428741455, 0.6925355792045593, 0.690597653388977, 0.6887942552566528, 0.6870280504226685, 0.6856936812400818, 0.6841126084327698, 0.6821166276931763, 0.680655300617218, 0.6790721416473389, 0.6777580976486206, 0.6765424609184265, 0.6751649379730225, 0.6744028925895691, 0.6736692190170288, 0.6723537445068359, 0.671507716178894, 0.6699618101119995, 0.6692865490913391, 0.6681343913078308, 0.6673967838287354, 0.6664972901344299, 0.665494441986084, 0.6645412445068359, 0.6644577383995056, 0.663645327091217, 0.6627488732337952, 0.6621659398078918, 0.6615849733352661, 0.660243034362793, 0.6602965593338013, 0.6595972180366516, 0.6587235927581787, 0.6584176421165466, 0.6578589081764221, 0.6569274067878723, 0.6564411520957947, 0.6565697193145752, 0.6553261876106262, 0.6557307839393616, 0.6546722054481506, 0.6542950868606567, 0.6536116003990173, 0.6537432074546814, 0.652593731880188, 0.6521811485290527, 0.6519201397895813, 0.6515965461730957, 0.6514825224876404, 0.6510956287384033, 0.6503137946128845, 0.6497763991355896, 0.6494573950767517, 0.6492303013801575, 0.649359941482544, 0.6487016081809998, 0.6480992436408997, 0.6475169062614441, 0.6480837464332581, 0.647490918636322, 0.646899402141571, 0.646538496017456, 0.6463675498962402, 0.6461377143859863, 0.6453993916511536, 0.6459232568740845, 0.6449302434921265, 0.6450137495994568, 0.6449984908103943, 0.6442316174507141, 0.6442027688026428, 0.6437444090843201, 0.6432235836982727, 0.6431394219398499, 0.6428475975990295], "val_loss": [0.9280915856361389, 0.8599737286567688, 0.8054100871086121, 0.7704806923866272, 0.7500130534172058, 0.7315189838409424, 0.7190556526184082, 0.7149410843849182, 0.7022013664245605, 0.6946280598640442, 0.6888386011123657, 0.6822212338447571, 0.6747769713401794, 0.6695989966392517, 0.6631757616996765, 0.6597282290458679, 0.6532061100006104, 0.6480447053909302, 0.6435657739639282, 0.639937162399292, 0.6354717016220093, 0.6306194067001343, 0.6264919638633728, 0.6237159371376038, 0.6231480240821838, 0.6172190308570862, 0.6166197061538696, 0.6150453686714172, 0.6124364137649536, 0.6103992462158203, 0.6053829193115234, 0.6044977307319641, 0.6036942005157471, 0.6005112528800964, 0.5999601483345032, 0.5987544655799866, 0.598505437374115, 0.5953239798545837, 0.5934858322143555, 0.5942755341529846, 0.592187225818634, 0.5903062224388123, 0.590974748134613, 0.5878410935401917, 0.5858736634254456, 0.5865753889083862, 0.5844417214393616, 0.5817325711250305, 0.582977831363678, 0.5804276466369629, 0.5782793164253235, 0.5788559317588806, 0.580513060092926, 0.5783556699752808, 0.5779476761817932, 0.5765979290008545, 0.5768699645996094, 0.5757818222045898, 0.5734208226203918, 0.575920045375824, 0.573184072971344, 0.5731033086776733, 0.5743021368980408, 0.5716637969017029, 0.572353184223175, 0.570145845413208, 0.5709810256958008, 0.5696331262588501, 0.5708017349243164, 0.5680581331253052, 0.5660833120346069, 0.5698899626731873, 0.5678878426551819, 0.5672873854637146, 0.5668206810951233, 0.5665791630744934, 0.5650907754898071, 0.5661665797233582, 0.5646415948867798, 0.5640324950218201, 0.56327223777771, 0.5625379085540771, 0.5641823410987854, 0.5614092350006104, 0.5618991255760193, 0.5621813535690308, 0.5626581311225891, 0.5611581802368164, 0.5611233115196228, 0.5600107312202454, 0.5621733665466309, 0.5591679811477661, 0.5581234097480774, 0.5585794448852539, 0.5602369904518127, 0.5587883591651917, 0.5602278113365173, 0.5576413869857788, 0.5583525896072388, 0.5579983592033386]}